Taco Hemingway|Taco Hemingwayy,Taco Hemingway,Taco Hemingwayi,Taco Hemingwayowie|rapper
Quebonafide|Quebonafidey,Quebonafidei,Quebonafideowie,Quebonafide|rapper
Mata|Matie,Mato,Matą,Matę,Maty,Mata|rapper
Bedoes|Bedoesa,Bedoesowie,Bedoesy,Bedoes,Bedoesu,Bedoesem,Bedoesie,Bedoesi,Bedoesowi|rapper
Sokół|Sokóły,Sokółi,Sokółowie,Sokół|rapper
Pezet|Pezeta,Pezety,Pezetowi,Pezetie,Pezetem,Pezeti,Pezet,Pezetowie,Pezetu|rapper
O.S.T.R.|O.S.T.R.y,O.S.T.R.owie,O.S.T.R.,O.S.T.R.i|rapper
Paluch|Paluchowi,Paluchie,Paluchi,Paluchem,Paluch,Palucha,Paluchowie,Paluchy,Paluchu|rapper
Szpaku|Szpakuy,Szpaku,Szpakui,Szpakuowie|rapper
Kizo|Kizie,Kizo,Kizu,Kizoy,Kizoi,Kiza,Kizoowie,Kizem|rapper
Żabson|Żabsonowie,Żabsona,Żabsonem,Żabsony,Żabsoni,Żabsonie,Żabsonowi,Żabson,Żabsonu|rapper
Young Igi|Young Igi,Young Igiy,Young Igii,Young Igiowie|rapper
Otsochodzi|Otsochodziy,Otsochodziowie,Otsochodzii,Otsochodzi|rapper
Białas|Białasy,Białasowi,Białasowie,Białas,Białasu,Białasi,Białasem,Białasa,Białasie|rapper
Solar|Solarze,Solarem,Solari,Solaru,Solarie,Solara,Solarowie,Solary,Solar,Solarowi|rapper
Guzior|Guziory,Guziori,Guziorie,Guziorze,Guziorem,Guziora,Guziorowi,Guziorowie,Guzior,Guzioru|rapper
Sarius|Sariusu,Sariusa,Sariusem,Sariusie,Sariusowie,Sariusi,Sarius,Sariusy,Sariusowi|rapper
ReTo|ReTu,ReToy,ReToi,ReToowie,ReTo,ReTem,ReTie,ReTa|rapper
Kukon|Kukona,Kukony,Kukonie,Kukonem,Kukonowi,Kukon,Kukoni,Kukonowie,Kukonu|rapper
Sobel|Sobelowi,Sobelowie,Sobelie,Sobelu,Sobel,Sobeli,Sobela,Sobely,Sobelem|rapper
White 2115|White 2115i,White 2115owie,White 2115y,White 2115|rapper
Jan-rapowanie|Jan-rapowanieowie,Jan-rapowaniey,Jan-rapowaniei,Jan-rapowanie|rapper
Malik Montana|Malik Montanę,Malik Montana,Malik Montanie,Malik Montano,Malik Montany,Malik Montaną|rapper
Kaz Bałagane|Kaz Bałaganey,Kaz Bałagane,Kaz Bałaganei,Kaz Bałaganeowie|rapper
Tede|Tede,Tedeowie,Tedei,Tedey|rapper
Peja|Peję,Pejy,Peja,Peją,Pejie,Pejo|rapper
Liroy|Liroyi,Liroy,Liroyowie,Liroyy|rapper
Kaliber 44|Kaliber 44i,Kaliber 44y,Kaliber 44owie,Kaliber 44|rapper
Paktofonika|Paktofonikę,Paktofoniko,Paktofonika,Paktofonikie,Paktofonice,Paktofoniky,Paktofoniką|rapper
Magik|Magik,Magikem,Magiki,Magikie,Magika,Magikowie,Magiky,Magiku,Magikowi|rapper
Fokus|Fokus,Fokusi,Fokusowie,Fokusa,Fokusy,Fokusem,Fokusie,Fokusu,Fokusowi|rapper
Rahim|Rahimowie,Rahimi,Rahimy,Rahima,Rahimu,Rahimowi,Rahimie,Rahim,Rahimem|rapper
Grubson|Grubsonem,Grubsona,Grubsoni,Grubsonie,Grubsonu,Grubsony,Grubsonowie,Grubson,Grubsonowi|rapper
DonGURALesko|DonGURALesko,DonGURALeska,DonGURALeskoy,DonGURALeskoowie,DonGURALeskem,DonGURALeskie,DonGURALesku,DonGURALeskoi|rapper
KęKę|KęKęy,KęKę,KęKęi,KęKęowie|rapper
Słoń|Słońu,Słońie,Słońowie,Słońi,Słońowi,Słońem,Słońa,Słońy,Słoń|rapper
Shellerini|Shelleriniowie,Shelleriniy,Shellerinii,Shellerini|rapper
Włodi|Włodii,Włodi,Włodiy,Włodiowie|rapper
Pelson|Pelson,Pelsonowi,Pelsona,Pelsoni,Pelsony,Pelsonie,Pelsonowie,Pelsonu,Pelsonem|rapper
Vienio|Vieniu,Vieniie,Vienioowie,Vienioi,Vienioy,Vienio,Vienia,Vieniem|rapper
Łona|Łona,Łonę,Łonie,Łono,Łony,Łoną|rapper
Webber|Webberze,Webbera,Webberie,Webbery,Webberem,Webberowie,Webberu,Webberi,Webberowi,Webber|rapper
Ten Typ Mes|Ten Typ Mesa,Ten Typ Mesowie,Ten Typ Mesu,Ten Typ Mes,Ten Typ Mesem,Ten Typ Mesowi,Ten Typ Mesy,Ten Typ Mesie,Ten Typ Mesi|rapper
Stasiak|Stasiaky,Stasiakem,Stasiaki,Stasiaku,Stasiakowie,Stasiaka,Stasiak,Stasiakowi,Stasiakie|rapper
Pyskaty|Pyskatyy,Pyskatyi,Pyskaty,Pyskatyowie|rapper
Ero|Erem,Eroowie,Ero,Eroy,Era,Eru,Eroi,Erie|rapper
Kosi|Kosi,Kosiy,Kosiowie,Kosii|rapper
Siwers|Siwersie,Siwersu,Siwersem,Siwersy,Siwers,Siwersi,Siwersa,Siwersowie,Siwersowi|rapper
Małpa|Małpa,Małpę,Małpo,Małpą,Małpy,Małpie|rapper
Bisz|Bisza,Biszowi,Biszie,Bisz,Biszem,Biszy,Biszu,Biszowie,Biszi|rapper
B.R.O|B.R.Oowie,B.R.Oi,B.R.O,B.R.Oy|rapper
PlanBe|PlanBeowie,PlanBey,PlanBei,PlanBe|rapper
Smolasty|Smolastyy,Smolasty,Smolastyi,Smolastyowie|rapper
Szamz|Szamzowi,Szamza,Szamzu,Szamzem,Szamzy,Szamzowie,Szamz,Szamzie,Szamzi|rapper
Młody G|Młody Gowie,Młody Gi,Młody G,Młody Gy|rapper
Belmondo|Belmondu,Belmondoowie,Belmondoy,Belmondoi,Belmondem,Belmonda,Belmondie,Belmondo|rapper
Owi|Owiowie,Owii,Owi,Owiy|rapper
Major SPZ|Major SPZowie,Major SPZ,Major SPZi,Major SPZy|rapper
Bonus RPK|Bonus RPK,Bonus RPKy,Bonus RPKi,Bonus RPKowie|rapper
Rogal DDL|Rogal DDLi,Rogal DDLy,Rogal DDL,Rogal DDLowie|rapper
Kabe|Kabey,Kabeowie,Kabei,Kabe|rapper
Oki|Okiy,Okii,Oki,Okiowie|rapper
Gedz|Gedzu,Gedzem,Gedzy,Gedzowie,Gedz,Gedza,Gedzie,Gedzi,Gedzowi|rapper
Dwa Sławy|Dwa Sławyowie,Dwa Sławy,Dwa Sławyi,Dwa Sławyy|rapper
Rado Radosny|Rado Radosnyi,Rado Radosnyy,Rado Radosnyowie,Rado Radosny|rapper
Astek|Astka,Astkowi,Astkiem,Astek,Asteki,Astekowie,Astku,Asteky|rapper
Kartky|Kartkyi,Kartkyy,Kartky,Kartkyowie|rapper
Tymek|Tymeki,Tymeky,Tymkowi,Tymek,Tymku,Tymka,Tymekowie,Tymkiem|rapper
Czesław|Czesławy,Czesławowi,Czesław,Czesławi,Czesławu,Czesławowie,Czesławie,Czesława,Czesławem|rapper
VNM|VNMi,VNM,VNMy,VNMowie|rapper
Zeus|Zeusem,Zeusu,Zeusy,Zeusie,Zeusi,Zeusowie,Zeusa,Zeusowi,Zeus|rapper
HuczuHucz|HuczuHuczy,HuczuHuczu,HuczuHuczowie,HuczuHucz,HuczuHuczie,HuczuHuczem,HuczuHuczowi,HuczuHucza,HuczuHuczi|rapper
Tau|Tauy,Taui,Tau,Tauowie|rapper
Medium|Mediumi,Mediumy,Mediumie,Medium,Mediumu,Mediuma,Mediumowi,Mediumowie,Mediumem|rapper
Buka|Buko,Buką,Bukie,Buce,Bukę,Buky,Buka|rapper
Rahim|Rahimowie,Rahimi,Rahimy,Rahima,Rahimu,Rahimowi,Rahimie,Rahim,Rahimem|rapper
Fokus|Fokus,Fokusi,Fokusowie,Fokusa,Fokusy,Fokusem,Fokusie,Fokusu,Fokusowi|rapper
Joka|Joce,Joko,Joką,Jokę,Joka,Joky,Jokie|rapper
Dab|Dabi,Dabu,Dabie,Dabem,Dab,Daba,Dabowi,Daby,Dabowie|rapper
Abradab|Abradaba,Abradabowi,Abradaby,Abradabie,Abradabu,Abradabem,Abradab,Abradabi,Abradabowie|rapper
JWP|JWPy,JWPi,JWPowie,JWP|rapper
BC|BCy,BCowie,BCi|rapper
Hemp Gru|Hemp Gruy,Hemp Gruowie,Hemp Grui,Hemp Gru|rapper
Wilku|Wilkuy,Wilkuowie,Wilkui,Wilku|rapper
Bilon|Bilona,Bilonem,Biloni,Bilonowi,Bilon,Bilonu,Bilony,Bilonie,Bilonowie|rapper
Molesta|Molesty,Molesta,Molestę,Molesto,Molestie,Molestą|rapper
WWO|WWO,WWOi,WWOy,WWOowie|rapper
ZIP Skład|ZIP Składy,ZIP Składie,ZIP Skład,ZIP Składu,ZIP Składi,ZIP Składa,ZIP Składem,ZIP Składowi,ZIP Składowie|rapper
Mor W.A.|Mor W.A.i,Mor W.A.,Mor W.A.owie,Mor W.A.y|rapper
Płomień 81|Płomień 81i,Płomień 81,Płomień 81owie,Płomień 81y|rapper
Onar|Onarem,Onar,Onari,Onarowi,Onaru,Onary,Onarze,Onarie,Onarowie,Onara|rapper
Pezet|Pezeta,Pezety,Pezetowi,Pezetie,Pezetem,Pezeti,Pezet,Pezetowie,Pezetu|rapper
Noon|Noona,Noonem,Noonie,Noonu,Noonowie,Noony,Noon,Noonowi,Nooni|rapper
Eis|Eisu,Eisowi,Eisy,Eisa,Eis,Eisi,Eisem,Eisowie,Eisie|rapper
Dinal|Dinalu,Dinalem,Dinal,Dinalie,Dinaly,Dinalowi,Dinala,Dinalowie,Dinali|rapper
Smarki Smark|Smarki Smarki,Smarki Smarky,Smarki Smarkowie,Smarki Smarka,Smarki Smarkem,Smarki Smarkie,Smarki Smarku,Smarki Smarkowi,Smarki Smark|rapper
Zkibwoy|Zkibwoyy,Zkibwoy,Zkibwoyi,Zkibwoyowie|rapper
Flojd|Flojdie,Flojdem,Flojdi,Flojdy,Flojd,Flojdowi,Flojda,Flojdu,Flojdowie|rapper
W.E.N.A.|W.E.N.A.y,W.E.N.A.i,W.E.N.A.,W.E.N.A.owie|rapper
Rasmentalism|Rasmentalisma,Rasmentalism,Rasmentalismie,Rasmentalismem,Rasmentalismi,Rasmentalismowi,Rasmentalismu,Rasmentalismowie,Rasmentalismy|rapper
Ras|Rasa,Rasy,Rasowi,Rasowie,Ras,Rasem,Rasie,Rasu,Rasi|rapper
Ment|Mentie,Mentu,Menti,Menty,Menta,Mentowi,Mentem,Mentowie,Ment|rapper
Kuba Knap|Kuba Knapem,Kuba Knapowie,Kuba Knapowi,Kuba Knapy,Kuba Knapu,Kuba Knapie,Kuba Knap,Kuba Knapi,Kuba Knapa|rapper
Emil Blef|Emil Blefowi,Emil Blefem,Emil Blef,Emil Blefi,Emil Blefowie,Emil Blefa,Emil Blefie,Emil Blefy,Emil Blefu|rapper
Afrojax|Afrojax,Afrojaxi,Afrojaxowie,Afrojaxy|rapper
Legendarny Afrojax|Legendarny Afrojaxowie,Legendarny Afrojaxi,Legendarny Afrojax,Legendarny Afrojaxy|rapper
Zdechły Osa|Zdechły Osą,Zdechły Osie,Zdechły Oso,Zdechły Osa,Zdechły Osy,Zdechły Osę|rapper
Młody Dzban|Młody Dzbanowie,Młody Dzbani,Młody Dzbanie,Młody Dzbanowi,Młody Dzbana,Młody Dzbanem,Młody Dzbany,Młody Dzban,Młody Dzbanu|rapper
Zetha|Zethie,Zetha,Zethą,Zethę,Zetho,Zethy|rapper
Chivas|Chivasu,Chivasy,Chivasowie,Chivas,Chivasa,Chivasem,Chivasie,Chivasowi,Chivasi|rapper
Fagata|Fagato,Fagatie,Fagatę,Fagaty,Fagata,Fagatą|rapper
Young Leosia|Young Leosiy,Young Leosia,Young Leosię,Young Leosią,Young Leosio,Young Leosiie|rapper
Bambi|Bambiy,Bambii,Bambi,Bambiowie|rapper
Modelki|Modelkii,Modelkiy,Modelki,Modelkiowie|rapper
Oliwka Brazil|Oliwka Brazilie,Oliwka Brazil,Oliwka Brazilem,Oliwka Brazily,Oliwka Brazilowi,Oliwka Brazila,Oliwka Brazilu,Oliwka Brazili,Oliwka Brazilowie|rapper
Ruskiefajki|Ruskiefajkiowie,Ruskiefajkiy,Ruskiefajki,Ruskiefajkii|rapper
Eminem|Eminem,Eminemem,Eminemie,Eminemowi,Eminema,Eminemowie,Eminemy,Eminemi,Eminemu|rapper
Kanye West|Kanye Westy,Kanye Westi,Kanye Westowi,Kanye Westa,Kanye Westie,Kanye Westowie,Kanye Westem,Kanye Westu,Kanye West|rapper
Ye|Yei,Yey,Yeowie|rapper
Jay-Z|Jay-Zowie,Jay-Zi,Jay-Zy,Jay-Z|rapper
Drake|Drakeowie,Drakei,Drakey,Drake|rapper
Kendrick Lamar|Kendrick Lamarze,Kendrick Lamari,Kendrick Lamarem,Kendrick Lamarie,Kendrick Lamarowi,Kendrick Lamarowie,Kendrick Lamary,Kendrick Lamara,Kendrick Lamaru,Kendrick Lamar|rapper
J. Cole|J. Cole,J. Coleowie,J. Colei,J. Coley|rapper
Travis Scott|Travis Scotty,Travis Scottu,Travis Scottie,Travis Scottem,Travis Scottowie,Travis Scott,Travis Scottowi,Travis Scotta,Travis Scotti|rapper
Future|Futureowie,Futurei,Future,Futurey|rapper
21 Savage|21 Savage,21 Savagey,21 Savagei,21 Savageowie|rapper
Lil Wayne|Lil Waynei,Lil Wayne,Lil Wayneowie,Lil Wayney|rapper
Nicki Minaj|Nicki Minaji,Nicki Minaja,Nicki Minajowie,Nicki Minajem,Nicki Minaj,Nicki Minajy,Nicki Minaju,Nicki Minajie,Nicki Minajowi|rapper
Cardi B|Cardi Bowie,Cardi B,Cardi Bi,Cardi By|rapper
Megan Thee Stallion|Megan Thee Stallioni,Megan Thee Stallionem,Megan Thee Stalliony,Megan Thee Stalliona,Megan Thee Stallion,Megan Thee Stallionowi,Megan Thee Stallionu,Megan Thee Stallionie,Megan Thee Stallionowie|rapper
Doja Cat|Doja Catowi,Doja Catem,Doja Cata,Doja Cat,Doja Catie,Doja Caty,Doja Cati,Doja Catowie,Doja Catu|rapper
Snoop Dogg|Snoop Doggowie,Snoop Dogg,Snoop Doggu,Snoop Doggem,Snoop Doggi,Snoop Doggowi,Snoop Doggy,Snoop Dogga,Snoop Doggie|rapper
Dr. Dre|Dr. Dre,Dr. Dreowie,Dr. Drey,Dr. Drei|rapper
Tupac|Tupacowie,Tupaca,Tupac,Tupacu,Tupaci,Tupacy,Tupacie,Tupacowi,Tupacem|rapper
2Pac|2Pacie,2Paci,2Pacowi,2Pacowie,2Paca,2Pacy,2Pacem,2Pac,2Pacu|rapper
Notorious B.I.G.|Notorious B.I.G.i,Notorious B.I.G.y,Notorious B.I.G.,Notorious B.I.G.owie|rapper
Biggie|Biggiei,Biggiey,Biggieowie,Biggie|rapper
Nas|Nasowi,Nasy,Nasem,Nasi,Nas,Nasu,Nasowie,Nasie,Nasa|rapper
50 Cent|50 Centie,50 Centi,50 Centowi,50 Centu,50 Cent,50 Centa,50 Centem,50 Centowie,50 Centy|rapper
Ice Cube|Ice Cubey,Ice Cube,Ice Cubei,Ice Cubeowie|rapper
Rakim|Rakimie,Rakimowie,Rakimy,Rakimowi,Rakimem,Rakimu,Rakim,Rakima,Rakimi|rapper
Wu-Tang Clan|Wu-Tang Clani,Wu-Tang Clanu,Wu-Tang Clan,Wu-Tang Clanem,Wu-Tang Clana,Wu-Tang Clanie,Wu-Tang Clanowie,Wu-Tang Clany,Wu-Tang Clanowi|rapper
Method Man|Method Manem,Method Manu,Method Manie,Method Mani,Method Manowi,Method Mana,Method Manowie,Method Many,Method Man|rapper
Redman|Redmanowi,Redmanowie,Redman,Redmany,Redmana,Redmani,Redmanie,Redmanu,Redmanem|rapper
Busta Rhymes|Busta Rhymesie,Busta Rhymesa,Busta Rhymesowie,Busta Rhymesowi,Busta Rhymesu,Busta Rhymesy,Busta Rhymesi,Busta Rhymesem,Busta Rhymes|rapper
DMX|DMXowie,DMX,DMXi,DMXy|rapper
Ludacris|Ludacris,Ludacrisie,Ludacrisowi,Ludacrisi,Ludacrisowie,Ludacrisa,Ludacrisy,Ludacrisem,Ludacrisu|rapper
T.I.|T.I.y,T.I.i,T.I.,T.I.owie|rapper
Young Thug|Young Thuga,Young Thugem,Young Thugie,Young Thugowi,Young Thugy,Young Thugi,Young Thug,Young Thugowie,Young Thugu|rapper
Gunna|Gunny,Gunnę,Gunna,Gunno,Gunnie,Gunną|rapper
Lil Baby|Lil Babyy,Lil Baby,Lil Babyowie,Lil Babyi|rapper
DaBaby|DaBabyi,DaBabyy,DaBaby,DaBabyowie|rapper
Post Malone|Post Malonei,Post Maloney,Post Maloneowie,Post Malone|rapper
Mac Miller|Mac Millerowie,Mac Millerze,Mac Millerie,Mac Millery,Mac Milleri,Mac Milleru,Mac Millera,Mac Miller,Mac Millerem,Mac Millerowi|rapper
Tyler, the Creator|Tyler, the Creatori,Tyler, the Creatorem,Tyler, the Creatorowie,Tyler, the Creatory,Tyler, the Creatorie,Tyler, the Creatorowi,Tyler, the Creator,Tyler, the Creatoru,Tyler, the Creatorze,Tyler, the Creatora|rapper
ASAP Rocky|ASAP Rockyy,ASAP Rocky,ASAP Rockyi,ASAP Rockyowie|rapper
Playboi Carti|Playboi Cartiowie,Playboi Cartiy,Playboi Cartii,Playboi Carti|rapper
Lil Uzi Vert|Lil Uzi Vertowi,Lil Uzi Vertowie,Lil Uzi Vert,Lil Uzi Vertem,Lil Uzi Verti,Lil Uzi Verta,Lil Uzi Verty,Lil Uzi Vertie,Lil Uzi Vertu|rapper
XXXTentacion|XXXTentacionie,XXXTentaciony,XXXTentacionowie,XXXTentacionem,XXXTentacion,XXXTentaciona,XXXTentacionu,XXXTentacionowi,XXXTentacioni|rapper
Juice WRLD|Juice WRLD,Juice WRLDi,Juice WRLDy,Juice WRLDowie|rapper
Pop Smoke|Pop Smoke,Pop Smokey,Pop Smokeowie,Pop Smokei|rapper
Migos|Migosy,Migosi,Migosowie,Migosowi,Migosu,Migosem,Migosie,Migosa,Migos|rapper
Quavo|Quavo,Quavoy,Quavoowie,Quavu,Quavem,Quava,Quavie,Quavoi|rapper
Offset|Offsetowi,Offset,Offsetie,Offsetem,Offseta,Offsetowie,Offsety,Offseti,Offsetu|rapper
Takeoff|Takeoffi,Takeoff,Takeoffu,Takeoffowi,Takeoffy,Takeoffowie,Takeoffem,Takeoffa,Takeoffie|rapper
Rick Ross|Rick Rossowie,Rick Rossowi,Rick Rossem,Rick Rossa,Rick Rossie,Rick Rossu,Rick Rossi,Rick Ross,Rick Rossy|rapper
Meek Mill|Meek Milla,Meek Millie,Meek Milli,Meek Millem,Meek Mill,Meek Millowie,Meek Millowi,Meek Millu,Meek Milly|rapper
Wiz Khalifa|Wiz Khalifą,Wiz Khalifa,Wiz Khalifę,Wiz Khalifie,Wiz Khalify,Wiz Khalifo|rapper
Kid Cudi|Kid Cudiy,Kid Cudiowie,Kid Cudii,Kid Cudi|rapper
Chance the Rapper|Chance the Rapperze,Chance the Rapperowi,Chance the Rapperem,Chance the Rapperowie,Chance the Rappery,Chance the Rapperi,Chance the Rapperu,Chance the Rapperie,Chance the Rappera,Chance the Rapper|rapper
Childish Gambino|Childish Gambinoy,Childish Gambino,Childish Gambinie,Childish Gambinu,Childish Gambinoowie,Childish Gambinoi,Childish Gambina,Childish Gambinem|rapper
Logic|Logicu,Logic,Logicowie,Logicem,Logicie,Logici,Logica,Logicowi,Logicy|rapper
G-Eazy|G-Eazyy,G-Eazyi,G-Eazyowie,G-Eazy|rapper
Machine Gun Kelly|Machine Gun Kellyy,Machine Gun Kellyowie,Machine Gun Kellyi,Machine Gun Kelly|rapper
MGK|MGK,MGKy,MGKowie,MGKi|rapper
Jack Harlow|Jack Harlowie,Jack Harlowem,Jack Harlowowie,Jack Harlowu,Jack Harlow,Jack Harlowi,Jack Harlowy,Jack Harlowa,Jack Harlowowi|rapper
Central Cee|Central Ceey,Central Cee,Central Ceei,Central Ceeowie|rapper
Stormzy|Stormzy,Stormzyy,Stormzyi,Stormzyowie|rapper
Skepta|Skepta,Skeptę,Skeptie,Skepto,Skepty,Skeptą|rapper
Dave|Dave,Daveowie,Davei,Davey|rapper
Aitch|Aitchowie,Aitchu,Aitcha,Aitchie,Aitchowi,Aitchi,Aitchem,Aitchy,Aitch|rapper
ArrDee|ArrDeei,ArrDee,ArrDeeowie,ArrDeey|rapper
Headie One|Headie Oney,Headie One,Headie Oneowie,Headie Onei|rapper
Lewandowski|Lewandowskiy,Lewandowski,Lewandowskiowie,Lewandowskii|celeb
Robert Lewandowski|Robert Lewandowskiy,Robert Lewandowski,Robert Lewandowskiowie,Robert Lewandowskii|celeb
Anna Lewandowska|Anna Lewandowska,Anna Lewandowskie,Anna Lewandowsko,Anna Lewandowsce,Anna Lewandowsky,Anna Lewandowskę,Anna Lewandowską|celeb
Lewy|Lewyowie,Lewyy,Lewy,Lewyi|celeb
Adam Małysz|Adam Małyszi,Adam Małyszu,Adam Małysz,Adam Małysza,Adam Małyszowie,Adam Małyszem,Adam Małyszy,Adam Małyszowi,Adam Małyszie|celeb
Małysz|Małyszi,Małyszowi,Małyszu,Małyszem,Małysza,Małysz,Małyszie,Małyszowie,Małyszy|celeb
Orzeł z Wisły|Orzeł z Wisłyi,Orzeł z Wisłyowie,Orzeł z Wisłyy,Orzeł z Wisły|celeb
Kamil Stoch|Kamil Stochowie,Kamil Stochem,Kamil Stochy,Kamil Stocha,Kamil Stochowi,Kamil Stoch,Kamil Stochi,Kamil Stochie,Kamil Stochu|celeb
Stoch|Stochi,Stochem,Stochie,Stochowie,Stochu,Stocha,Stoch,Stochy,Stochowi|celeb
Piotr Żyła|Piotr Żyłą,Piotr Żyłie,Piotr Żyły,Piotr Żyłę,Piotr Żyła,Piotr Żyło|celeb
Żyła|Żyły,Żyło,Żyła,Żyłie,Żyłą,Żyłę|celeb
Iga Świątek|Iga Świątka,Iga Świąteky,Iga Świąteki,Iga Świątku,Iga Świątek,Iga Świątkowi,Iga Świątkiem,Iga Świątekowie|celeb
Świątek|Świąteki,Świątku,Świątka,Świąteky,Świątkowi,Świątkiem,Świątek,Świątekowie|celeb
Hurkacz|Hurkaczowi,Hurkaczem,Hurkaczy,Hurkaczu,Hurkacza,Hurkaczie,Hurkaczi,Hurkaczowie,Hurkacz|celeb
Radwańska|Radwańsky,Radwańskie,Radwańskę,Radwańsce,Radwańską,Radwańsko,Radwańska|celeb
Gołota|Gołota,Gołoto,Gołotę,Gołotie,Gołotą,Gołoty|celeb
Adamek|Adamkiem,Adameky,Adamekowie,Adamku,Adamek,Adameki,Adamkowi,Adamka|celeb
Błachowicz|Błachowiczowi,Błachowicza,Błachowiczu,Błachowiczowie,Błachowiczi,Błachowiczem,Błachowicz,Błachowiczy,Błachowiczie|celeb
Jędrzejczyk|Jędrzejczykem,Jędrzejczyky,Jędrzejczykowi,Jędrzejczykowie,Jędrzejczyki,Jędrzejczyka,Jędrzejczyk,Jędrzejczyku,Jędrzejczykie|celeb
Pudzian|Pudzianie,Pudziany,Pudzianem,Pudzianu,Pudziana,Pudzian,Pudzianowie,Pudziani,Pudzianowi|celeb
Mariusz Pudzianowski|Mariusz Pudzianowskiy,Mariusz Pudzianowskii,Mariusz Pudzianowskiowie,Mariusz Pudzianowski|celeb
Dominator|Dominatoru,Dominatorze,Dominatorowi,Dominatorowie,Dominatora,Dominator,Dominatorie,Dominatori,Dominatorem,Dominatory|celeb
Makłowicz|Makłowiczowi,Makłowiczowie,Makłowiczy,Makłowiczem,Makłowiczi,Makłowicza,Makłowicz,Makłowiczu,Makłowiczie|celeb
Robert Makłowicz|Robert Makłowiczi,Robert Makłowiczem,Robert Makłowiczy,Robert Makłowiczowi,Robert Makłowiczie,Robert Makłowicza,Robert Makłowicz,Robert Makłowiczu,Robert Makłowiczowie|celeb
Gessler|Gesslerowi,Gessleri,Gessler,Gesslera,Gesslerem,Gessleru,Gesslerie,Gesslery,Gesslerze,Gesslerowie|celeb
Magda Gessler|Magda Gesslera,Magda Gesslerie,Magda Gesslerowie,Magda Gesslery,Magda Gesslerem,Magda Gesslerze,Magda Gesslerowi,Magda Gessler,Magda Gessleru,Magda Gessleri|celeb
Wojewódzki|Wojewódzkii,Wojewódzki,Wojewódzkiy,Wojewódzkiowie|celeb
Kuba Wojewódzki|Kuba Wojewódzki,Kuba Wojewódzkiy,Kuba Wojewódzkii,Kuba Wojewódzkiowie|celeb
Hołownia|Hołownia,Hołownię,Hołowniy,Hołownią,Hołownio,Hołowniie|celeb
Tusk|Tuskie,Tuski,Tusk,Tuska,Tusku,Tuskem,Tuskowi,Tuskowie,Tusky|celeb
Morawiecki|Morawieckiy,Morawieckiowie,Morawiecki,Morawieckii|celeb
Kaczyński|Kaczyńskii,Kaczyńskiy,Kaczyński,Kaczyńskiowie|celeb
Duda|Duda,Dudę,Dudo,Dudy,Dudą,Dudie|celeb
Andrzej Duda|Andrzej Dudy,Andrzej Dudie,Andrzej Dudę,Andrzej Dudo,Andrzej Duda,Andrzej Dudą|celeb
Wałęsa|Wałęsę,Wałęsą,Wałęso,Wałęsa,Wałęsie,Wałęsy|celeb
Lech Wałęsa|Lech Wałęsą,Lech Wałęsa,Lech Wałęsie,Lech Wałęsę,Lech Wałęsy,Lech Wałęso|celeb
Papież|Papież,Papieży,Papieżie,Papieżem,Papieżowie,Papieżu,Papieża,Papieżowi,Papieżi|celeb
Jan Paweł II|Jan Paweł II,Jan Paweł IIy,Jan Paweł IIowie,Jan Paweł IIi|celeb
Wojtyła|Wojtyła,Wojtyło,Wojtyłę,Wojtyłą,Wojtyły,Wojtyłie|celeb
Karol Wojtyła|Karol Wojtyło,Karol Wojtyłą,Karol Wojtyłę,Karol Wojtyła,Karol Wojtyłie,Karol Wojtyły|celeb
Doda|Dodą,Dodie,Dody,Doda,Dodo,Dodę|celeb
Rabczewska|Rabczewskę,Rabczewską,Rabczewskie,Rabczewska,Rabczewsky,Rabczewsce,Rabczewsko|celeb
Rodowicz|Rodowiczy,Rodowiczu,Rodowiczi,Rodowicz,Rodowiczowie,Rodowiczie,Rodowiczem,Rodowicza,Rodowiczowi|celeb
Maryla Rodowicz|Maryla Rodowiczie,Maryla Rodowiczowie,Maryla Rodowiczem,Maryla Rodowiczy,Maryla Rodowiczowi,Maryla Rodowiczi,Maryla Rodowicza,Maryla Rodowicz,Maryla Rodowiczu|celeb
Krawczyk|Krawczyka,Krawczyk,Krawczykem,Krawczyki,Krawczykowie,Krawczykie,Krawczykowi,Krawczyky,Krawczyku|celeb
Krzysztof Krawczyk|Krzysztof Krawczykem,Krzysztof Krawczykowie,Krzysztof Krawczyk,Krzysztof Krawczyky,Krzysztof Krawczyku,Krzysztof Krawczykowi,Krzysztof Krawczykie,Krzysztof Krawczyki,Krzysztof Krawczyka|celeb
Zenek|Zenekowie,Zeneky,Zenkiem,Zenka,Zenku,Zenkowi,Zenek,Zeneki|celeb
Zenon Martyniuk|Zenon Martyniukowie,Zenon Martyniuky,Zenon Martyniuk,Zenon Martyniukie,Zenon Martyniuku,Zenon Martyniukowi,Zenon Martyniuka,Zenon Martyniuki,Zenon Martyniukem|celeb
Sławomir|Sławomira,Sławomiri,Sławomiry,Sławomirie,Sławomirowi,Sławomirze,Sławomirowie,Sławomiru,Sławomirem,Sławomir|celeb
Akcent|Akcenta,Akcentie,Akcentowi,Akcent,Akcentowie,Akcenti,Akcentem,Akcentu,Akcenty|celeb
Bayer Full|Bayer Full,Bayer Fullie,Bayer Fulla,Bayer Fullowie,Bayer Fulli,Bayer Fully,Bayer Fullowi,Bayer Fullu,Bayer Fullem|celeb
Linda|Lindie,Lindę,Lindą,Linda,Lindy,Lindo|celeb
Bogusław Linda|Bogusław Lindą,Bogusław Lindo,Bogusław Linda,Bogusław Lindę,Bogusław Lindie,Bogusław Lindy|celeb
Pazura|Pazurie,Pazurą,Pazura,Pazuro,Pazurze,Pazury,Pazurę|celeb
Cezary Pazura|Cezary Pazuro,Cezary Pazurze,Cezary Pazura,Cezary Pazury,Cezary Pazurę,Cezary Pazurie,Cezary Pazurą|celeb
Stuhr|Stuhra,Stuhri,Stuhrowie,Stuhrowi,Stuhrem,Stuhru,Stuhrie,Stuhry,Stuhrze,Stuhr|celeb
Jerzy Stuhr|Jerzy Stuhry,Jerzy Stuhra,Jerzy Stuhrowie,Jerzy Stuhrze,Jerzy Stuhri,Jerzy Stuhrie,Jerzy Stuhru,Jerzy Stuhrowi,Jerzy Stuhrem,Jerzy Stuhr|celeb
Maciej Stuhr|Maciej Stuhri,Maciej Stuhr,Maciej Stuhrowi,Maciej Stuhrowie,Maciej Stuhry,Maciej Stuhrze,Maciej Stuhru,Maciej Stuhrie,Maciej Stuhra,Maciej Stuhrem|celeb
Koterski|Koterski,Koterskii,Koterskiowie,Koterskiy|celeb
Misiek Koterski|Misiek Koterskiy,Misiek Koterski,Misiek Koterskii,Misiek Koterskiowie|celeb
Karolak|Karolakowie,Karolaku,Karolaki,Karolaky,Karolakowi,Karolaka,Karolak,Karolakie,Karolakem|celeb
Tomasz Karolak|Tomasz Karolaku,Tomasz Karolaky,Tomasz Karolakem,Tomasz Karolaka,Tomasz Karolakie,Tomasz Karolak,Tomasz Karolakowie,Tomasz Karolakowi,Tomasz Karolaki|celeb
Szyc|Szycy,Szyca,Szycowie,Szyci,Szycem,Szycu,Szycowi,Szycie,Szyc|celeb
Borys Szyc|Borys Szycu,Borys Szycy,Borys Szycowie,Borys Szycowi,Borys Szyc,Borys Szycie,Borys Szycem,Borys Szyca,Borys Szyci|celeb
Friz|Frizy,Friz,Frizem,Frizie,Frizowi,Frizowie,Frizi,Friza,Frizu|celeb
Wersow|Wersow,Wersowem,Wersowowi,Wersowie,Wersowowie,Wersowi,Wersowu,Wersowy,Wersowa|celeb
Ekipa|Ekipo,Ekipy,Ekipą,Ekipa,Ekipie,Ekipę|celeb
Gimper|Gimpera,Gimperze,Gimper,Gimpery,Gimperie,Gimperowi,Gimperi,Gimperu,Gimperowie,Gimperem|celeb
Rezi|Reziy,Rezi,Reziowie,Rezii|celeb
Blowek|Blowka,Blowkowi,Blowkiem,Bloweky,Blowku,Blowekowie,Bloweki,Blowek|celeb
Książulo|Książuloi,Książulem,Książulu,Książula,Książuloowie,Książuloy,Książulo,Książulie|celeb
Budda|Buddie,Buddą,Buddy,Buddo,Buddę,Budda|celeb
Messi|Messiy,Messiowie,Messii,Messi|celeb
Leo Messi|Leo Messii,Leo Messiy,Leo Messiowie,Leo Messi|celeb
Ronaldo|Ronaldem,Ronaldoowie,Ronalda,Ronaldo,Ronaldoy,Ronaldu,Ronaldoi,Ronaldie|celeb
Cristiano Ronaldo|Cristiano Ronaldoi,Cristiano Ronalda,Cristiano Ronaldie,Cristiano Ronaldoy,Cristiano Ronaldo,Cristiano Ronaldem,Cristiano Ronaldoowie,Cristiano Ronaldu|celeb
CR7|CR7owie,CR7,CR7i,CR7y|celeb
Neymar|Neymarem,Neymara,Neymarowi,Neymarie,Neymaru,Neymary,Neymarze,Neymari,Neymar,Neymarowie|celeb
Mbappe|Mbappey,Mbappei,Mbappe,Mbappeowie|celeb
Haaland|Haalandu,Haalandy,Haalandi,Haalandie,Haalanda,Haaland,Haalandem,Haalandowi,Haalandowie|celeb
Lewandowski|Lewandowskiy,Lewandowski,Lewandowskiowie,Lewandowskii|celeb
Benzema|Benzemo,Benzemie,Benzemy,Benzemą,Benzema,Benzemę|celeb
Zlatan|Zlatani,Zlatanem,Zlatanowi,Zlatana,Zlatanowie,Zlatanie,Zlatan,Zlatanu,Zlatany|celeb
Ibrahimovic|Ibrahimovicem,Ibrahimovicowie,Ibrahimovic,Ibrahimovici,Ibrahimovicowi,Ibrahimovica,Ibrahimovicu,Ibrahimovicy,Ibrahimovicie|celeb
LeBron|LeBrona,LeBron,LeBronu,LeBronowie,LeBronem,LeBronowi,LeBroni,LeBronie,LeBrony|celeb
LeBron James|LeBron Jamesowi,LeBron Jamesem,LeBron Jamesy,LeBron Jamesie,LeBron Jamesa,LeBron Jamesu,LeBron Jamesi,LeBron Jamesowie,LeBron James|celeb
Curry|Curryy,Curry,Curryowie,Curryi|celeb
Steph Curry|Steph Curryi,Steph Curryy,Steph Curry,Steph Curryowie|celeb
Jordan|Jordanu,Jordanowi,Jordanem,Jordanie,Jordana,Jordan,Jordany,Jordani,Jordanowie|celeb
Michael Jordan|Michael Jordanie,Michael Jordan,Michael Jordanowi,Michael Jordani,Michael Jordanowie,Michael Jordanem,Michael Jordana,Michael Jordanu,Michael Jordany|celeb
Kobe|Kobey,Kobei,Kobeowie,Kobe|celeb
Kobe Bryant|Kobe Bryantie,Kobe Bryant,Kobe Bryanti,Kobe Bryantowie,Kobe Bryanty,Kobe Bryanta,Kobe Bryantu,Kobe Bryantowi,Kobe Bryantem|celeb
Shaq|Shaqowie,Shaq,Shaqi,Shaqy|celeb
Shaquille O'Neal|Shaquille O'Nealu,Shaquille O'Nealy,Shaquille O'Neal,Shaquille O'Nealem,Shaquille O'Nealowie,Shaquille O'Nealie,Shaquille O'Nealowi,Shaquille O'Neali,Shaquille O'Neala|celeb
Tyson|Tysonem,Tysonowi,Tysonu,Tysonowie,Tysony,Tysoni,Tysona,Tysonie,Tyson|celeb
Mike Tyson|Mike Tysony,Mike Tysonie,Mike Tysonowi,Mike Tysona,Mike Tysonem,Mike Tysoni,Mike Tysonu,Mike Tysonowie,Mike Tyson|celeb
Ali|Aliy,Ali,Aliowie,Alii|celeb
Muhammad Ali|Muhammad Ali,Muhammad Alii,Muhammad Aliy,Muhammad Aliowie|celeb
McGregor|McGregoru,McGregory,McGregora,McGregorowi,McGregorie,McGregorze,McGregori,McGregor,McGregorem,McGregorowie|celeb
Conor McGregor|Conor McGregoru,Conor McGregorie,Conor McGregory,Conor McGregori,Conor McGregor,Conor McGregorze,Conor McGregorem,Conor McGregorowi,Conor McGregora,Conor McGregorowie|celeb
Elon Musk|Elon Muskem,Elon Muskowi,Elon Musku,Elon Muska,Elon Muskie,Elon Musky,Elon Muski,Elon Muskowie,Elon Musk|celeb
Musk|Musky,Muskie,Musku,Muskowi,Muski,Muskem,Muskowie,Musk,Muska|celeb
Bezos|Bezosie,Bezosowie,Bezosa,Bezosowi,Bezosu,Bezosy,Bezosi,Bezos,Bezosem|celeb
Jeff Bezos|Jeff Bezosi,Jeff Bezosem,Jeff Bezosowie,Jeff Bezosowi,Jeff Bezosu,Jeff Bezos,Jeff Bezosy,Jeff Bezosa,Jeff Bezosie|celeb
Zuckerberg|Zuckerbergu,Zuckerberga,Zuckerberg,Zuckerbergie,Zuckerbergem,Zuckerbergy,Zuckerbergowie,Zuckerbergi,Zuckerbergowi|celeb
Mark Zuckerberg|Mark Zuckerbergowi,Mark Zuckerbergie,Mark Zuckerberga,Mark Zuckerberg,Mark Zuckerbergy,Mark Zuckerbergi,Mark Zuckerbergu,Mark Zuckerbergem,Mark Zuckerbergowie|celeb
Gates|Gates,Gatesi,Gatesu,Gatesem,Gatesie,Gatesa,Gatesowi,Gatesowie,Gatesy|celeb
Bill Gates|Bill Gatesy,Bill Gatesu,Bill Gatesie,Bill Gatesowi,Bill Gatesowie,Bill Gatesi,Bill Gatesa,Bill Gates,Bill Gatesem|celeb
Jobs|Jobsowie,Jobsowi,Jobsi,Jobsy,Jobsem,Jobsu,Jobsa,Jobs,Jobsie|celeb
Steve Jobs|Steve Jobsowi,Steve Jobsie,Steve Jobsi,Steve Jobs,Steve Jobsu,Steve Jobsa,Steve Jobsy,Steve Jobsem,Steve Jobsowie|celeb
Trump|Trumpem,Trumpowi,Trumpowie,Trumpy,Trumpi,Trumpu,Trumpa,Trump,Trumpie|celeb
Donald Trump|Donald Trumpem,Donald Trumpowi,Donald Trumpu,Donald Trumpa,Donald Trumpi,Donald Trumpowie,Donald Trump,Donald Trumpie,Donald Trumpy|celeb
Biden|Bidenowie,Bidenowi,Bidenu,Bidenem,Bidenie,Biden,Bideni,Bidena,Bideny|celeb
Joe Biden|Joe Bidenowie,Joe Biden,Joe Bidenem,Joe Bidenowi,Joe Bidenu,Joe Bideny,Joe Bidenie,Joe Bideni,Joe Bidena|celeb
Obama|Obamie,Obamy,Obamo,Obama,Obamą,Obamę|celeb
Barack Obama|Barack Obamą,Barack Obamie,Barack Obamę,Barack Obamo,Barack Obamy,Barack Obama|celeb
Putin|Putina,Putin,Putinu,Putinie,Putinowie,Putinem,Putini,Putiny,Putinowi|celeb
Zelensky|Zelensky,Zelenskyy,Zelenskyowie,Zelenskyi|celeb
Taylor Swift|Taylor Swift,Taylor Swifti,Taylor Swiftie,Taylor Swiftowie,Taylor Swifty,Taylor Swiftem,Taylor Swifta,Taylor Swiftowi,Taylor Swiftu|celeb
Swift|Swifta,Swift,Swiftu,Swiftie,Swifty,Swiftem,Swiftowie,Swifti,Swiftowi|celeb
Beyonce|Beyoncey,Beyonceowie,Beyonce,Beyoncei|celeb
Rihanna|Rihanną,Rihanno,Rihanna,Rihanny,Rihannę,Rihannie|celeb
Adele|Adele,Adelei,Adeley,Adeleowie|celeb
Shakira|Shakiry,Shakirą,Shakirę,Shakirie,Shakiro,Shakira,Shakirze|celeb
JLo|JLoowie,JLem,JLa,JLu,JLoy,JLoi,JLo,JLie|celeb
Jennifer Lopez|Jennifer Lopez,Jennifer Lopezowi,Jennifer Lopezie,Jennifer Lopezu,Jennifer Lopezowie,Jennifer Lopezi,Jennifer Lopezy,Jennifer Lopezem,Jennifer Lopeza|celeb
Madonna|Madonnę,Madonna,Madonnie,Madonny,Madonno,Madonną|celeb
Britney|Britneyy,Britney,Britneyowie,Britneyi|celeb
Britney Spears|Britney Spearsie,Britney Spearsi,Britney Spearsa,Britney Spearsy,Britney Spearsem,Britney Spearsowi,Britney Spearsowie,Britney Spears,Britney Spearsu|celeb
Lady Gaga|Lady Gago,Lady Gaga,Lady Gadze,Lady Gagę,Lady Gagie,Lady Gagy,Lady Gagą|celeb
Miley Cyrus|Miley Cyrusowie,Miley Cyrusa,Miley Cyrus,Miley Cyrusowi,Miley Cyrusy,Miley Cyrusie,Miley Cyrusu,Miley Cyrusi,Miley Cyrusem|celeb
Ariana Grande|Ariana Grande,Ariana Grandey,Ariana Grandei,Ariana Grandeowie|celeb
Selena Gomez|Selena Gomezy,Selena Gomezi,Selena Gomezu,Selena Gomezowi,Selena Gomezie,Selena Gomezem,Selena Gomez,Selena Gomezowie,Selena Gomeza|celeb
Justin Bieber|Justin Bieberu,Justin Bieberi,Justin Bieber,Justin Biebera,Justin Bieberze,Justin Bieberowi,Justin Bieberowie,Justin Biebery,Justin Bieberie,Justin Bieberem|celeb
Bieber|Bieberze,Bieberi,Biebera,Bieberie,Bieber,Bieberu,Biebery,Bieberem,Bieberowi,Bieberowie|celeb
Ed Sheeran|Ed Sheeranem,Ed Sheerana,Ed Sheerani,Ed Sheeranie,Ed Sheeran,Ed Sheerany,Ed Sheeranowie,Ed Sheeranu,Ed Sheeranowi|celeb
Harry Styles|Harry Styles,Harry Stylesi,Harry Stylesowie,Harry Stylesie,Harry Stylesy,Harry Stylesa,Harry Stylesowi,Harry Stylesu,Harry Stylesem|celeb
The Weeknd|The Weekndy,The Weeknd,The Weekndem,The Weeknda,The Weekndowi,The Weekndu,The Weekndowie,The Weekndie,The Weekndi|celeb
Bruno Mars|Bruno Marsi,Bruno Marsa,Bruno Marsu,Bruno Marsowi,Bruno Marsy,Bruno Marsem,Bruno Mars,Bruno Marsowie,Bruno Marsie|celeb
Brad Pitt|Brad Pitti,Brad Pitty,Brad Pittem,Brad Pittowi,Brad Pitt,Brad Pittu,Brad Pittowie,Brad Pitta,Brad Pittie|celeb
Pitt|Pittu,Pittem,Pittowi,Pittie,Pitti,Pitta,Pitt,Pittowie,Pitty|celeb
DiCaprio|DiCapriie,DiCapriem,DiCapriu,DiCaprioy,DiCaprio,DiCapria,DiCaprioi,DiCaprioowie|celeb
Leo DiCaprio|Leo DiCaprioowie,Leo DiCaprio,Leo DiCaprioi,Leo DiCapriem,Leo DiCapriie,Leo DiCapria,Leo DiCaprioy,Leo DiCapriu|celeb
Tom Cruise|Tom Cruise,Tom Cruiseowie,Tom Cruisey,Tom Cruisei|celeb
Cruise|Cruisey,Cruise,Cruiseowie,Cruisei|celeb
Johnny Depp|Johnny Depp,Johnny Deppem,Johnny Deppi,Johnny Deppowi,Johnny Deppy,Johnny Deppie,Johnny Deppa,Johnny Deppu,Johnny Deppowie|celeb
Depp|Deppowi,Deppy,Deppu,Deppowie,Deppie,Deppem,Deppi,Depp,Deppa|celeb
The Rock|The Rocki,The Rocku,The Rockowie,The Rocka,The Rocky,The Rock,The Rockowi,The Rockie,The Rockem|celeb
Dwayne Johnson|Dwayne Johnsonowie,Dwayne Johnson,Dwayne Johnsoni,Dwayne Johnsonowi,Dwayne Johnsonie,Dwayne Johnsonu,Dwayne Johnsony,Dwayne Johnsona,Dwayne Johnsonem|celeb
Will Smith|Will Smithi,Will Smithem,Will Smithu,Will Smitha,Will Smithowie,Will Smithy,Will Smithowi,Will Smithie,Will Smith|celeb
Smith|Smithowie,Smithowi,Smitha,Smithu,Smithi,Smithie,Smith,Smithem,Smithy|celeb
Keanu Reeves|Keanu Reevesa,Keanu Reevesi,Keanu Reevesowie,Keanu Reevesem,Keanu Reevesie,Keanu Reevesy,Keanu Reeves,Keanu Reevesu,Keanu Reevesowi|celeb
Reeves|Reevesu,Reevesi,Reevesowi,Reevesie,Reevesem,Reevesa,Reevesowie,Reeves,Reevesy|celeb
Warszawa|Warszawę,Warszawa,Warszawo,Warszawą,Warszawy,Warszawie|city
WWA|WWAowie,WWAi,WWA,WWAy|city
Stolica|Stolicie,Stolicą,Stolico,Stolica,Stolicy,Stolicę|city
Kraków|Krakówem,Krakówy,Krakówi,Kraków,Krakówa,Krakówowi,Krakówowie,Krakówu,Krakówie|city
KRK|KRKy,KRKowie,KRK,KRKi|city
Łódź|Łódźy,Łódź,Łódźowi,Łódźie,Łódźa,Łódźu,Łódźi,Łódźowie,Łódźem|city
Wrocław|Wrocławy,Wrocławi,Wrocława,Wrocławie,Wrocławowi,Wrocław,Wrocławu,Wrocławowie,Wrocławem|city
Wroclove|Wroclovey,Wroclovei,Wrocloveowie,Wroclove|city
Poznań|Poznańem,Poznańa,Poznańowi,Poznańie,Poznańu,Poznań,Poznańi,Poznańowie,Poznańy|city
Gdańsk|Gdańskem,Gdańsku,Gdańska,Gdańsk,Gdański,Gdańskowi,Gdańsky,Gdańskowie,Gdańskie|city
Szczecin|Szczecinie,Szczecinu,Szczeciny,Szczecinowi,Szczecini,Szczecinowie,Szczecin,Szczecinem,Szczecina|city
Bydgoszcz|Bydgoszcza,Bydgoszczie,Bydgoszczu,Bydgoszcz,Bydgoszczowi,Bydgoszczy,Bydgoszczowie,Bydgoszczem,Bydgoszczi|city
Lublin|Lublinem,Lublini,Lubliny,Lublinie,Lublinowie,Lublinowi,Lublinu,Lublina,Lublin|city
Białystok|Białystokowie,Białystokem,Białystok,Białystokowi,Białystoka,Białystokie,Białystoku,Białystoky,Białystoki|city
Katowice|Katowiceowie,Katowice,Katowicey,Katowicei|city
Gdynia|Gdynię,Gdynią,Gdyniy,Gdyniie,Gdynia,Gdynio|city
Częstochowa|Częstochowa,Częstochową,Częstochowie,Częstochowy,Częstochowę,Częstochowo|city
Radom|Radomem,Radomowi,Radomy,Radomi,Radomu,Radoma,Radomowie,Radomie,Radom|city
Sosnowiec|Sosnowiecy,Sosnowieci,Sosnowiecie,Sosnowiecem,Sosnowieca,Sosnowiec,Sosnowiecowi,Sosnowiecowie,Sosnowiecu|city
Toruń|Toruń,Toruńy,Toruńowi,Toruńie,Toruńi,Toruńem,Toruńa,Toruńowie,Toruńu|city
Kielce|Kielcey,Kielceowie,Kielce,Kielcei|city
Rzeszów|Rzeszówem,Rzeszówowi,Rzeszówa,Rzeszówy,Rzeszówi,Rzeszówie,Rzeszów,Rzeszówu,Rzeszówowie|city
Gliwice|Gliwiceowie,Gliwicey,Gliwice,Gliwicei|city
Zabrze|Zabrze,Zabrzeowie,Zabrzei,Zabrzey|city
Olsztyn|Olsztynie,Olsztynowi,Olsztyny,Olsztynem,Olsztyni,Olsztyn,Olsztynu,Olsztyna,Olsztynowie|city
Bielsko-Biała|Bielsko-Biały,Bielsko-Białą,Bielsko-Biała,Bielsko-Biało,Bielsko-Białę,Bielsko-Białie|city
Bytom|Bytoma,Bytomu,Bytomowi,Bytom,Bytomem,Bytomie,Bytomy,Bytomi,Bytomowie|city
Zielona Góra|Zielona Górę,Zielona Góry,Zielona Górze,Zielona Górie,Zielona Góra,Zielona Góro,Zielona Górą|city
Rybnik|Rybniky,Rybniki,Rybnik,Rybnikem,Rybniku,Rybnika,Rybnikowi,Rybnikowie,Rybnikie|city
Ruda Śląska|Ruda Śląskę,Ruda Śląsky,Ruda Śląsko,Ruda Śląskie,Ruda Śląska,Ruda Śląską,Ruda Śląsce|city
Opole|Opoleowie,Opole,Opoley,Opolei|city
Tychy|Tychyy,Tychyowie,Tychyi,Tychy|city
Gorzów|Gorzówie,Gorzów,Gorzówy,Gorzówa,Gorzówi,Gorzówu,Gorzówem,Gorzówowi,Gorzówowie|city
Elbląg|Elblągu,Elbląg,Elbląga,Elblągem,Elblągowi,Elblągowie,Elblągy,Elblągi,Elblągie|city
Płock|Płockie,Płocki,Płockem,Płockowi,Płockowie,Płock,Płocku,Płocka,Płocky|city
Wałbrzych|Wałbrzych,Wałbrzychem,Wałbrzycha,Wałbrzychi,Wałbrzychowi,Wałbrzychu,Wałbrzychie,Wałbrzychowie,Wałbrzychy|city
Tarnów|Tarnówy,Tarnówu,Tarnówem,Tarnówowie,Tarnówie,Tarnówowi,Tarnówa,Tarnówi,Tarnów|city
Chorzów|Chorzówie,Chorzówy,Chorzówowi,Chorzów,Chorzówi,Chorzówa,Chorzówowie,Chorzówem,Chorzówu|city
Kalisz|Kaliszu,Kaliszi,Kalisz,Kalisza,Kaliszowie,Kaliszie,Kaliszem,Kaliszowi,Kaliszy|city
Koszalin|Koszalini,Koszalinu,Koszalinie,Koszaliny,Koszalinowi,Koszalinowie,Koszalin,Koszalina,Koszalinem|city
Legnica|Legnicy,Legnicę,Legnicie,Legnica,Legnico,Legnicą|city
Grudziądz|Grudziądzy,Grudziądzem,Grudziądza,Grudziądzie,Grudziądzi,Grudziądzowi,Grudziądzowie,Grudziądz,Grudziądzu|city
Słupsk|Słupskie,Słupskowi,Słupskem,Słupsk,Słupsku,Słupsky,Słupska,Słupski,Słupskowie|city
Jaworzno|Jaworznoy,Jaworznie,Jaworzno,Jaworzna,Jaworznem,Jaworznoowie,Jaworznu,Jaworznoi|city
Jastrzębie-Zdrój|Jastrzębie-Zdróji,Jastrzębie-Zdrójie,Jastrzębie-Zdrój,Jastrzębie-Zdrója,Jastrzębie-Zdrójowi,Jastrzębie-Zdrójowie,Jastrzębie-Zdróju,Jastrzębie-Zdrójy,Jastrzębie-Zdrójem|city
Nowy Sącz|Nowy Sącza,Nowy Sączowi,Nowy Sączowie,Nowy Sączu,Nowy Sącz,Nowy Sączem,Nowy Sączy,Nowy Sączi,Nowy Sączie|city
Jelenia Góra|Jelenia Góro,Jelenia Górę,Jelenia Góry,Jelenia Górie,Jelenia Górą,Jelenia Górze,Jelenia Góra|city
Siedlce|Siedlcei,Siedlcey,Siedlceowie,Siedlce|city
Konin|Konina,Koninowi,Koninie,Konin,Koninu,Konini,Koniny,Koninowie,Koninem|city
Piotrków|Piotrkówowi,Piotrkówem,Piotrkówowie,Piotrkówu,Piotrków,Piotrkówa,Piotrkówi,Piotrkówy,Piotrkówie|city
Lubin|Lubinem,Lubiny,Lubinie,Lubini,Lubina,Lubinu,Lubinowie,Lubin,Lubinowi|city
Inowrocław|Inowrocławie,Inowrocławowie,Inowrocławowi,Inowrocławem,Inowrocławu,Inowrocławy,Inowrocław,Inowrocławi,Inowrocława|city
Mysłowice|Mysłowicey,Mysłowice,Mysłowicei,Mysłowiceowie|city
Piła|Piły,Piłę,Piłą,Piła,Piłie,Piło|city
Ostrowiec|Ostrowiecy,Ostrowiecie,Ostrowiec,Ostrowiecem,Ostrowieci,Ostrowieca,Ostrowiecowi,Ostrowiecowie,Ostrowiecu|city
Ostrów|Ostrówie,Ostrówowi,Ostrówa,Ostrówy,Ostrówu,Ostrówowie,Ostrówem,Ostrów,Ostrówi|city
Siemianowice|Siemianowice,Siemianowicey,Siemianowiceowie,Siemianowicei|city
Stargard|Stargardem,Stargardu,Stargardowie,Stargardy,Stargardi,Stargard,Stargardowi,Stargarda,Stargardie|city
Pabianice|Pabianice,Pabianicey,Pabianiceowie,Pabianicei|city
Gniezno|Gnieznu,Gniezno,Gniezna,Gnieznem,Gnieznoi,Gnieznoy,Gnieznie,Gnieznoowie|city
Suwałki|Suwałki,Suwałkiy,Suwałkiowie,Suwałkii|city
Głogów|Głogówem,Głogówi,Głogówa,Głogówu,Głogówy,Głogówie,Głogów,Głogówowie,Głogówowi|city
Chełm|Chełmu,Chełmowie,Chełmie,Chełm,Chełma,Chełmowi,Chełmy,Chełmi,Chełmem|city
Przemyśl|Przemyśli,Przemyślem,Przemyślie,Przemyśla,Przemyślowie,Przemyśl,Przemyślowi,Przemyśly,Przemyślu|city
Zamość|Zamośći,Zamośćy,Zamośćowie,Zamość|city
Tomaszów|Tomaszówa,Tomaszówu,Tomaszówowi,Tomaszówi,Tomaszówowie,Tomaszówem,Tomaszówie,Tomaszów,Tomaszówy|city
Stalowa Wola|Stalowa Wolie,Stalowa Wolo,Stalowa Wola,Stalowa Wolę,Stalowa Woly,Stalowa Wolą|city
Ełk|Ełki,Ełk,Ełkowie,Ełkem,Ełkowi,Ełky,Ełka,Ełkie,Ełku|city
Łomża|Łomżie,Łomży,Łomżo,Łomżą,Łomżę,Łomża|city
Mielec|Mieleca,Mielecowie,Mielecowi,Mielecie,Mielecy,Mielec,Mielecu,Mielecem,Mieleci|city
Leszno|Leszno,Lesznie,Lesznoowie,Lesznu,Leszna,Lesznem,Lesznoy,Lesznoi|city
Żory|Żoryi,Żory,Żoryy,Żoryowie|city
Bełchatów|Bełchatówi,Bełchatówu,Bełchatówa,Bełchatówie,Bełchatówem,Bełchatówowie,Bełchatów,Bełchatówowi,Bełchatówy|city
Świdnica|Świdnicie,Świdnico,Świdnicy,Świdnica,Świdnicą,Świdnicę|city
Będzin|Będzinowie,Będzinie,Będzin,Będzinu,Będzinem,Będzini,Będzinowi,Będzina,Będziny|city
Biała Podlaska|Biała Podlaska,Biała Podlasky,Biała Podlaskie,Biała Podlaskę,Biała Podlaską,Biała Podlasko,Biała Podlasce|city
Tczew|Tczewem,Tczewy,Tczew,Tczewu,Tczewie,Tczewa,Tczewi,Tczewowi,Tczewowie|city
Piekary|Piekaryy,Piekary,Piekaryi,Piekaryowie|city
Racibórz|Racibórzy,Racibórz,Racibórzu,Racibórzi,Racibórzie,Racibórzowie,Racibórza,Racibórzem,Racibórzowi|city
Legionowo|Legionowie,Legionowem,Legionowu,Legionowo,Legionowa,Legionowoi,Legionowoowie,Legionowoy|city
Ostrołęka|Ostrołęce,Ostrołęky,Ostrołęką,Ostrołęko,Ostrołęka,Ostrołękie,Ostrołękę|city
Hel|Hel,Helowie,Heli,Helowi,Hely,Helie,Helu,Hela,Helem|city
Sopot|Sopotie,Sopot,Sopoti,Sopotu,Sopotowie,Sopotem,Sopota,Sopoty,Sopotowi|city
Zakopane|Zakopane,Zakopaneowie,Zakopanei,Zakopaney|city
Sandomierz|Sandomierz,Sandomierzy,Sandomierzie,Sandomierzu,Sandomierzem,Sandomierzowi,Sandomierzowie,Sandomierza,Sandomierzi|city
Kazimierz|Kazimierza,Kazimierzowi,Kazimierzy,Kazimierzie,Kazimierzu,Kazimierzi,Kazimierzowie,Kazimierzem,Kazimierz|city
Wieliczka|Wieliczkę,Wieliczko,Wieliczka,Wieliczkie,Wieliczką,Wieliczky,Wieliczce|city
Oświęcim|Oświęcima,Oświęcimem,Oświęcimie,Oświęcimu,Oświęcimi,Oświęcimowi,Oświęcim,Oświęcimowie,Oświęcimy|city
Ciechocinek|Ciechocinekowie,Ciechocinku,Ciechocinek,Ciechocinkowi,Ciechocinkiem,Ciechocinka,Ciechocineky,Ciechocineki|city
Ustka|Ustky,Ustkę,Ustka,Ustkie,Ustką,Ustko,Ustce|city
Międzyzdroje|Międzyzdrojeowie,Międzyzdrojei,Międzyzdroje,Międzyzdrojey|city
Kołobrzeg|Kołobrzeg,Kołobrzegie,Kołobrzegy,Kołobrzegi,Kołobrzegowi,Kołobrzegowie,Kołobrzega,Kołobrzegu,Kołobrzegem|city
Władysławowo|Władysławowie,Władysławowoy,Władysławowu,Władysławowo,Władysławowem,Władysławowa,Władysławowoi,Władysławowoowie|city
Chałupy|Chałupyi,Chałupyy,Chałupy,Chałupyowie|city
Jurata|Juratę,Juratie,Jurata,Juraty,Juratą,Jurato|city
Jastarnia|Jastarnia,Jastarnio,Jastarniy,Jastarnię,Jastarnią,Jastarniie|city
Nowy Jork|Nowy Jorku,Nowy Jorkowi,Nowy Jorki,Nowy Jork,Nowy Jorka,Nowy Jorkowie,Nowy Jorky,Nowy Jorkie,Nowy Jorkem|city
NYC|NYC,NYCy,NYCi,NYCowie|city
New York|New Yorki,New Yorky,New Yorkowie,New York,New Yorku,New Yorkowi,New Yorkem,New Yorka,New Yorkie|city
Londyn|Londynem,Londynowie,Londynowi,Londynie,Londyny,Londyn,Londyni,Londynu,Londyna|city
London|Londonowie,Londonem,Londonie,Londonowi,Londony,Londona,Londonu,Londoni,London|city
Paryż|Paryż,Paryżi,Paryżem,Paryżowie,Paryżowi,Paryżie,Paryża,Paryży,Paryżu|city
Paris|Parisie,Parisy,Parisem,Parisowi,Parisu,Paris,Parisowie,Parisa,Parisi|city
Berlin|Berliny,Berlinowie,Berlin,Berlinowi,Berlinem,Berlina,Berlinu,Berlini,Berlinie|city
Tokio|Tokioy,Tokioi,Tokiu,Tokioowie,Tokia,Tokiie,Tokio,Tokiem|city
Tokyo|Tokyoowie,Tokyu,Tokyie,Tokya,Tokyem,Tokyo,Tokyoy,Tokyoi|city
Moskwa|Moskwą,Moskwę,Moskwa,Moskwie,Moskwo,Moskwy|city
Pekin|Pekinowie,Pekiny,Pekin,Pekinie,Pekinu,Pekina,Pekini,Pekinem,Pekinowi|city
Szanghaj|Szanghajem,Szanghaju,Szanghajie,Szanghaji,Szanghaj,Szanghaja,Szanghajowi,Szanghajowie,Szanghajy|city
Dubaj|Dubaj,Dubajowi,Dubaja,Dubajy,Dubaju,Dubajie,Dubajem,Dubajowie,Dubaji|city
Dubai|Dubaiowie,Dubai,Dubaiy,Dubaii|city
Los Angeles|Los Angelesy,Los Angelesu,Los Angeles,Los Angelesie,Los Angelesowie,Los Angelesem,Los Angelesowi,Los Angelesa,Los Angelesi|city
LA|LAy,LAi,LAowie|city
Chicago|Chicagem,Chicaga,Chicagu,Chicagie,Chicagoowie,Chicagoi,Chicagoy,Chicago|city
Miami|Miamii,Miamiowie,Miami,Miamiy|city
Las Vegas|Las Vegasy,Las Vegasowi,Las Vegasem,Las Vegasie,Las Vegas,Las Vegasu,Las Vegasowie,Las Vegasa,Las Vegasi|city
Vegas|Vegasowie,Vegasa,Vegasie,Vegas,Vegasi,Vegasem,Vegasy,Vegasowi,Vegasu|city
San Francisco|San Franciscoy,San Franciscoowie,San Francisco,San Franciscem,San Franciscie,San Franciscoi,San Franciscu,San Francisca|city
Waszyngton|Waszyngtonowie,Waszyngtonowi,Waszyngtona,Waszyngtonem,Waszyngtonu,Waszyngtoni,Waszyngtonie,Waszyngton,Waszyngtony|city
Toronto|Torontu,Torontie,Torontoowie,Toronto,Toronta,Torontoy,Torontoi,Torontem|city
Meksyk|Meksykie,Meksyku,Meksyky,Meksyk,Meksyka,Meksykowi,Meksyki,Meksykem,Meksykowie|city
Rio|Riem,Rioi,Riie,Rio,Ria,Rioowie,Rioy,Riu|city
Rio de Janeiro|Rio de Janeiroy,Rio de Janeiroi,Rio de Janeiro,Rio de Janeirie,Rio de Janeirem,Rio de Janeiroowie,Rio de Janeiru,Rio de Janeira|city
Buenos Aires|Buenos Airesie,Buenos Airesy,Buenos Airesowi,Buenos Airesa,Buenos Airesowie,Buenos Aires,Buenos Airesem,Buenos Airesi,Buenos Airesu|city
Madryt|Madrytem,Madrytowi,Madrytowie,Madryt,Madryty,Madryta,Madrytu,Madrytie,Madryti|city
Barcelona|Barcelona,Barcelony,Barcelonie,Barcelono,Barcelonę,Barceloną|city
Rzym|Rzyma,Rzymy,Rzymu,Rzymowi,Rzymem,Rzymi,Rzymie,Rzym,Rzymowie|city
Mediolan|Mediolanie,Mediolany,Mediolana,Mediolanowi,Mediolani,Mediolanowie,Mediolanem,Mediolan,Mediolanu|city
Wenecja|Wenecję,Wenecjy,Wenecjo,Wenecja,Wenecją,Wenecjie|city
Neapol|Neapola,Neapolowie,Neapoly,Neapoli,Neapol,Neapolu,Neapolowi,Neapolem,Neapolie|city
Ateny|Atenyy,Ateny,Atenyi,Atenyowie|city
Stambuł|Stambuł,Stambułowie,Stambuły,Stambułi|city
Kair|Kairze,Kairowie,Kairu,Kairowi,Kair,Kaira,Kairi,Kairem,Kairie,Kairy|city
Jerozolima|Jerozolimy,Jerozolimą,Jerozolimo,Jerozolima,Jerozolimę,Jerozolimie|city
Tel Awiw|Tel Awiwie,Tel Awiw,Tel Awiwa,Tel Awiwi,Tel Awiwu,Tel Awiwowi,Tel Awiwem,Tel Awiwy,Tel Awiwowie|city
Bombaj|Bombaj,Bombaju,Bombajowi,Bombaja,Bombajy,Bombajie,Bombajowie,Bombaji,Bombajem|city
Delhi|Delhi,Delhii,Delhiy,Delhiowie|city
Bangkok|Bangkoku,Bangkoka,Bangkokowi,Bangkokie,Bangkok,Bangkokem,Bangkoki,Bangkoky,Bangkokowie|city
Singapur|Singapuri,Singapurowie,Singapuru,Singapur,Singapurem,Singapurze,Singapury,Singapurowi,Singapurie,Singapura|city
Sydney|Sydneyy,Sydney,Sydneyowie,Sydneyi|city
Melbourne|Melbourney,Melbournei,Melbourne,Melbourneowie|city
Kijów|Kijówowi,Kijówem,Kijówie,Kijówu,Kijówy,Kijówi,Kijówowie,Kijów,Kijówa|city
Lwów|Lwówowie,Lwówem,Lwówa,Lwów,Lwówie,Lwówowi,Lwówy,Lwówu,Lwówi|city
Wilno|Wilno,Wilnoowie,Wilnu,Wilnie,Wilna,Wilnoy,Wilnem,Wilnoi|city
Mińsk|Mińsky,Mińskowie,Mińskem,Mińska,Mińskowi,Mińsku,Miński,Mińsk,Mińskie|city
Praga|Pragie,Prago,Pragy,Pradze,Pragą,Praga,Pragę|city
Wiedeń|Wiedeńie,Wiedeńi,Wiedeń,Wiedeńy,Wiedeńowie,Wiedeńa,Wiedeńu,Wiedeńowi,Wiedeńem|city
Budapeszt|Budapesztowi,Budapesztem,Budapesztie,Budapeszti,Budapeszty,Budapesztowie,Budapeszt,Budapeszta,Budapesztu|city
Bukareszt|Bukaresztowie,Bukareszta,Bukaresztem,Bukaresztu,Bukareszti,Bukareszty,Bukareszt,Bukaresztowi,Bukaresztie|city
Sofia|Sofiy,Sofią,Sofię,Sofio,Sofia,Sofiie|city
Belgrad|Belgradie,Belgradi,Belgrady,Belgradem,Belgradu,Belgradowie,Belgrada,Belgradowi,Belgrad|city
Zagrzeb|Zagrzebi,Zagrzebowi,Zagrzeby,Zagrzebowie,Zagrzeba,Zagrzebem,Zagrzeb,Zagrzebie,Zagrzebu|city
Sztokholm|Sztokholmem,Sztokholmu,Sztokholmowie,Sztokholmi,Sztokholmowi,Sztokholmy,Sztokholma,Sztokholm,Sztokholmie|city
Oslo|Osloi,Oslem,Oslo,Oslu,Oslie,Osla,Osloowie,Osloy|city
Kopenhaga|Kopenhagie,Kopenhago,Kopenhagą,Kopenhadze,Kopenhaga,Kopenhagę,Kopenhagy|city
Helsinki|Helsinki,Helsinkiowie,Helsinkii,Helsinkiy|city
Amsterdam|Amsterdamie,Amsterdamowi,Amsterdamem,Amsterdamy,Amsterdama,Amsterdamowie,Amsterdam,Amsterdami,Amsterdamu|city
Bruksela|Brukselę,Brukselo,Brukselie,Brukselą,Bruksely,Bruksela|city
Zurich|Zurichu,Zurichi,Zurichowi,Zurichie,Zurichem,Zurichowie,Zurich,Zuricha,Zurichy|city
Genewa|Genewę,Genewą,Genewo,Genewa,Genewy,Genewie|city
Lizbona|Lizbonę,Lizbono,Lizbony,Lizbonie,Lizbona,Lizboną|city
Dublin|Dublinem,Dublina,Dublinu,Dublini,Dublinowie,Dublin,Dublinowi,Dublinie,Dubliny|city
Monako|Monakoowie,Monakie,Monaku,Monaka,Monakoi,Monakem,Monakoy,Monako|city
Nike|Nikey,Nike,Nikei,Nikeowie|brand
Adidas|Adidasowi,Adidasy,Adidasowie,Adidasu,Adidasem,Adidasi,Adidasa,Adidasie,Adidas|brand
Puma|Pumo,Pumę,Pumą,Pumie,Puma,Pumy|brand
Reebok|Reebokowie,Reebokie,Reebokowi,Reeboki,Reeboky,Reeboku,Reeboka,Reebokem,Reebok|brand
New Balance|New Balancei,New Balancey,New Balance,New Balanceowie|brand
Vans|Vansie,Vans,Vansowie,Vansi,Vansy,Vansa,Vansem,Vansowi,Vansu|brand
Converse|Converseowie,Conversey,Converse,Conversei|brand
Jordan|Jordanu,Jordanowi,Jordanem,Jordanie,Jordana,Jordan,Jordany,Jordani,Jordanowie|brand
Yeezy|Yeezyi,Yeezyowie,Yeezyy,Yeezy|brand
Gucci|Guccii,Gucciy,Gucciowie,Gucci|brand
Prada|Prada,Prado,Pradie,Pradą,Pradę,Prady|brand
Louis Vuitton|Louis Vuittonowie,Louis Vuittonie,Louis Vuittony,Louis Vuittonem,Louis Vuittonowi,Louis Vuittona,Louis Vuitton,Louis Vuittoni,Louis Vuittonu|brand
LV|LVi,LVy,LVowie|brand
Versace|Versacey,Versace,Versacei,Versaceowie|brand
Balenciaga|Balenciadze,Balenciagę,Balenciago,Balenciaga,Balenciagą,Balenciagy,Balenciagie|brand
Dior|Dioru,Diorie,Diora,Diorem,Diory,Diori,Diorowie,Diorowi,Diorze,Dior|brand
Chanel|Chanelie,Chanel,Chanelowi,Chanelu,Chaneli,Chanela,Chanelem,Chanely,Chanelowie|brand
Burberry|Burberryy,Burberry,Burberryi,Burberryowie|brand
Fendi|Fendiy,Fendii,Fendi,Fendiowie|brand
Armani|Armaniy,Armaniowie,Armani,Armanii|brand
Hugo Boss|Hugo Bossowie,Hugo Bossa,Hugo Bossi,Hugo Bossie,Hugo Bossem,Hugo Boss,Hugo Bossowi,Hugo Bossu,Hugo Bossy|brand
Tommy Hilfiger|Tommy Hilfigeri,Tommy Hilfigerze,Tommy Hilfiger,Tommy Hilfigery,Tommy Hilfigeru,Tommy Hilfigerowi,Tommy Hilfigerie,Tommy Hilfigera,Tommy Hilfigerowie,Tommy Hilfigerem|brand
Ralph Lauren|Ralph Laurenie,Ralph Laurena,Ralph Laureny,Ralph Lauren,Ralph Laurenem,Ralph Laurenu,Ralph Laurenowie,Ralph Laurenowi,Ralph Laureni|brand
Calvin Klein|Calvin Kleini,Calvin Kleinowie,Calvin Kleiny,Calvin Kleina,Calvin Kleinem,Calvin Kleinu,Calvin Klein,Calvin Kleinowi,Calvin Kleinie|brand
CK|CKy,CKi,CKowie|brand
Zara|Zara,Zary,Zarą,Zarze,Zaro,Zarę,Zarie|brand
H&M|H&My,H&Mi,H&Mowie,H&M|brand
Bershka|Bershkie,Bershką,Bershkę,Bershko,Bershky,Bershka,Bershce|brand
Pull&Bear|Pull&Bear,Pull&Bearie,Pull&Bearowi,Pull&Beary,Pull&Bearem,Pull&Bearu,Pull&Beari,Pull&Beara,Pull&Bearze,Pull&Bearowie|brand
Reserved|Reservedi,Reservedowi,Reserved,Reservedem,Reservedie,Reserveda,Reservedu,Reservedowie,Reservedy|brand
Cropp|Croppu,Croppowi,Croppa,Cropp,Croppie,Croppem,Croppowie,Croppi,Croppy|brand
House|House,Housey,Housei,Houseowie|brand
Sinsay|Sinsayi,Sinsay,Sinsayowie,Sinsayy|brand
CCC|CCCy,CCC,CCCi,CCCowie|brand
Deichmann|Deichmann,Deichmannem,Deichmannowie,Deichmanni,Deichmannie,Deichmanna,Deichmannowi,Deichmannu,Deichmanny|brand
Apple|Applei,Appley,Appleowie,Apple|brand
iPhone|iPhoney,iPhone,iPhoneowie,iPhonei|brand
MacBook|MacBookem,MacBookowi,MacBook,MacBooky,MacBooku,MacBookie,MacBooki,MacBookowie,MacBooka|brand
iPad|iPadem,iPadi,iPadowie,iPadie,iPad,iPadu,iPady,iPadowi,iPada|brand
AirPods|AirPods,AirPodsa,AirPodsu,AirPodsy,AirPodsowie,AirPodsem,AirPodsi,AirPodsowi,AirPodsie|brand
Samsung|Samsungu,Samsungie,Samsung,Samsungowi,Samsungi,Samsungy,Samsunga,Samsungem,Samsungowie|brand
Galaxy|Galaxyi,Galaxyowie,Galaxyy,Galaxy|brand
Sony|Sonyi,Sonyy,Sonyowie,Sony|brand
PlayStation|PlayStation,PlayStationa,PlayStationowi,PlayStationi,PlayStationy,PlayStationie,PlayStationowie,PlayStationu,PlayStationem|brand
PS5|PS5,PS5owie,PS5y,PS5i|brand
Xbox|Xboxowie,Xboxy,Xbox,Xboxi|brand
Nintendo|Nintenda,Nintendie,Nintendem,Nintendoowie,Nintendo,Nintendoy,Nintendu,Nintendoi|brand
Switch|Switchi,Switchowie,Switch,Switchu,Switchowi,Switchie,Switchem,Switchy,Switcha|brand
Tesla|Teslę,Tesla,Teslie,Teslą,Tesly,Teslo|brand
BMW|BMWowie,BMWi,BMWy,BMW|brand
Audi|Audii,Audi,Audiy,Audiowie|brand
Mercedes|Mercedesu,Mercedesie,Mercedesowie,Mercedesowi,Mercedes,Mercedesem,Mercedesa,Mercedesy,Mercedesi|brand
Merc|Merca,Mercem,Mercu,Mercy,Mercowie,Merci,Mercie,Mercowi,Merc|brand
Porsche|Porschei,Porschey,Porscheowie,Porsche|brand
Ferrari|Ferrarii,Ferrariy,Ferrariowie,Ferrari|brand
Lambo|Lamboowie,Lambu,Lambie,Lambem,Lamba,Lamboy,Lamboi,Lambo|brand
Lamborghini|Lamborghinii,Lamborghini,Lamborghiniowie,Lamborghiniy|brand
Bugatti|Bugattiy,Bugattii,Bugatti,Bugattiowie|brand
Bentley|Bentleyowie,Bentleyi,Bentleyy,Bentley|brand
Rolls-Royce|Rolls-Roycey,Rolls-Roycei,Rolls-Royce,Rolls-Royceowie|brand
Rolls|Rollsie,Rollsi,Rollsu,Rolls,Rollsowie,Rollsowi,Rollsa,Rollsy,Rollsem|brand
Toyota|Toyotą,Toyotie,Toyotę,Toyota,Toyoto,Toyoty|brand
Honda|Honda,Hondy,Hondę,Hondie,Hondą,Hondo|brand
Ford|Fordowie,Fordy,Ford,Fordu,Fordie,Fordi,Fordem,Fordowi,Forda|brand
McDonald|McDonalda,McDonaldem,McDonaldowi,McDonaldie,McDonaldi,McDonaldy,McDonaldowie,McDonaldu,McDonald|brand
MCD|MCD,MCDy,MCDi,MCDowie|brand
KFC|KFCowie,KFCy,KFCi,KFC|brand
Burger King|Burger Kinga,Burger Kingu,Burger Kingowi,Burger Kingem,Burger Kingi,Burger Kingy,Burger King,Burger Kingie,Burger Kingowie|brand
Pizza Hut|Pizza Huta,Pizza Huty,Pizza Hutowie,Pizza Hutem,Pizza Hutu,Pizza Hutowi,Pizza Huti,Pizza Hut,Pizza Hutie|brand
Subway|Subwayi,Subwayowie,Subwayy,Subway|brand
Starbucks|Starbucksem,Starbucksy,Starbucksu,Starbucksowie,Starbucksowi,Starbucksa,Starbucksi,Starbucks,Starbucksie|brand
Cola|Coly,Colo,Colą,Colę,Cola,Colie|brand
Coca-Cola|Coca-Colo,Coca-Colą,Coca-Colę,Coca-Colie,Coca-Cola,Coca-Coly|brand
Pepsi|Pepsi,Pepsii,Pepsiy,Pepsiowie|brand
Red Bull|Red Bulli,Red Bullu,Red Bulla,Red Bullowi,Red Bullowie,Red Bullie,Red Bully,Red Bull,Red Bullem|brand
Monster|Monsterowi,Monsterze,Monstery,Monsterie,Monsteri,Monsterowie,Monstera,Monster,Monsterem,Monsteru|brand
Żabka|Żabka,Żabce,Żabkę,Żabko,Żabkie,Żabką,Żabky|brand
Biedronka|Biedronce,Biedronką,Biedronkę,Biedronkie,Biedronky,Biedronko,Biedronka|brand
Lidl|Lidl,Lidly,Lidlie,Lidla,Lidli,Lidlowie,Lidlem,Lidlu,Lidlowi|brand
Dino|Dinie,Dina,Dinu,Dinoy,Dinem,Dinoowie,Dinoi,Dino|brand
Orlen|Orlenie,Orlenem,Orlenowie,Orlenowi,Orleny,Orlen,Orlena,Orleni,Orlenu|brand
Lotos|Lotosi,Lotosu,Lotosa,Lotosowi,Lotos,Lotosem,Lotosie,Lotosy,Lotosowie|brand
Shell|Shell,Shellie,Shella,Shelli,Shellem,Shelly,Shellu,Shellowie,Shellowi|brand